{
    "system_info": {
        "timestamp": "2025-04-13T14:35:04.251047",
        "os": "Linux-6.12.21-1-lts-x86_64-with",
        "python_version": "3.12.10",
        "cpu_count": 12
    },
    "tests": [
        {
            "name": "CPU Test",
            "times": [
                0.8467638080001052,
                0.840070188000027,
                0.8388395600004515,
                0.8384283659997891,
                0.8611368559995753
            ],
            "statistics": {
                "mean": 0.8450477555999896,
                "median": 0.840070188000027,
                "std_dev": 0.009603881741273393,
                "25th_percentile": 0.8386339630001203,
                "75th_percentile": 0.8539503319998403,
                "min": 0.8384283659997891,
                "max": 0.8611368559995753,
                "95%_ci": [
                    0.8331248731196526,
                    0.8569706380803266
                ]
            }
        },
        {
            "name": "Memory Test",
            "times": [
                0.2731676339999467,
                0.27388363299996854,
                0.2715027069998541,
                0.2709679709996635,
                0.2737667629999123
            ],
            "statistics": {
                "mean": 0.27265774159986905,
                "median": 0.2731676339999467,
                "std_dev": 0.0013399774306680832,
                "25th_percentile": 0.2712353389997588,
                "75th_percentile": 0.27382519799994043,
                "min": 0.2709679709996635,
                "max": 0.27388363299996854,
                "95%_ci": [
                    0.2709942065978188,
                    0.2743212766019193
                ]
            }
        },
        {
            "name": "Disk Write Test",
            "times": [
                13.492715229999703,
                13.41033267199964,
                13.501894952999464,
                13.360453344999769,
                13.510247158000311
            ],
            "statistics": {
                "mean": 13.455128671599777,
                "median": 13.492715229999703,
                "std_dev": 0.06634753393756494,
                "25th_percentile": 13.385393008499705,
                "75th_percentile": 13.506071055499888,
                "min": 13.360453344999769,
                "max": 13.510247158000311,
                "95%_ci": [
                    13.372760534287325,
                    13.537496808912229
                ]
            }
        },
        {
            "name": "Disk Read Test",
            "times": [
                2.008620382999652,
                2.008695083999555,
                2.0074170360003336,
                2.007658521000849,
                2.0050976460006495
            ],
            "statistics": {
                "mean": 2.007497734000208,
                "median": 2.007658521000849,
                "std_dev": 0.0014566034832164197,
                "25th_percentile": 2.0062573410004916,
                "75th_percentile": 2.0086577334996036,
                "min": 2.0050976460006495,
                "max": 2.008695083999555,
                "95%_ci": [
                    2.0056894118426993,
                    2.0093060561577167
                ]
            }
        },
        {
            "name": "Disk Copy Test",
            "times": [
                3.0718107619995862,
                3.0549508900003275,
                3.077501492999545,
                3.071953872999984,
                3.0535353530003704
            ],
            "statistics": {
                "mean": 3.065950474199963,
                "median": 3.0718107619995862,
                "std_dev": 0.010942302003237814,
                "25th_percentile": 3.054243121500349,
                "75th_percentile": 3.0747276829997645,
                "min": 3.0535353530003704,
                "max": 3.077501492999545,
                "95%_ci": [
                    3.0523659898879285,
                    3.079534958511997
                ]
            }
        }
    ]
}